{
  "name": "Blog",
  "plural": "blogs",
  "base": "PersistedModel",
  "idInjection": true,
  "options": {
    "validateUpsert": true
  },
  "mixins": {
    "TimeStamp": true
  },
  "properties": {
    "title": {
      "type": "string",
      "required": true
    },
    "description": {
      "type": "string"
    },
    "image_url": {
      "type": ["string"]
    },
    "tag_list": {
      "type": ["string"]
    }
  },
  "validations": [],
  "relations": {
    "categories": {
      "type": "hasMany",
      "model": "Category",
      "foreignKey": "",
      "through": "BlogCategory"
    }
  },
  "acls": [],
  "methods": {}
}