{
  "name": "Country",
  "plural": "countries",
  "base": "PersistedModel",
  "idInjection": true,
  "options": {
    "validateUpsert": true
  },
  "properties": {
    "name": {
      "type": "string"
    }
  },
  "validations": [],
  "relations": {
    "places": {
      "type": "hasMany",
      "model": "Place",
      "foreignKey": "country_id"
    },
    "blogs": {
      "type": "hasMany",
      "model": "Blog",
      "foreignKey": "country_id"
    },
    "packages": {
      "type": "hasMany",
      "model": "Package",
      "foreignKey": "country_id"
    },
    "hotels": {
      "type": "hasMany",
      "model": "Hotel",
      "foreignKey": "country_id"
    },
    "hospitals": {
      "type": "hasMany",
      "model": "Hospital",
      "foreignKey": "country_id"
    }
  },
  "acls": [],
  "methods": {}
}
