{
  "name": "Hospital",
  "plural": "hospitals",
  "base": "PersistedModel",
  "idInjection": true,
  "options": {
    "validateUpsert": true
  },
  "properties": {
    "name": {
      "type": "string",
      "required": true
    },
    "description": {
      "type": "string"
    },
    "image_url": {
      "type": [
        "string"
      ]
    }
  },
  "validations": [],
  "relations": {
    "services": {
      "type": "hasMany",
      "model": "Service",
      "foreignKey": "",
      "through": "HospitalService"
    }
  },
  "acls": [],
  "methods": {}
}
