{
  "name": "Place",
  "plural": "places",
  "base": "PersistedModel",
  "idInjection": true,
  "options": {
    "validateUpsert": true
  },
  "properties": {
    "name": {
      "type": "string",
      "required": true
    }
  },
  "validations": [],
  "relations": {
    "hospitals": {
      "type": "hasMany",
      "model": "Hospital",
      "foreignKey": "place_id"
    },
    "blogs": {
      "type": "hasMany",
      "model": "Blog",
      "foreignKey": "place_id"
    },
    "hotels": {
      "type": "hasMany",
      "model": "Hotel",
      "foreignKey": "place_id"
    },
    "packages": {
      "type": "hasMany",
      "model": "Package",
      "foreignKey": "",
      "through": "PlacePackage"
    }
  },
  "acls": [],
  "methods": {}
}
