{
  "name": "Service",
  "plural": "services",
  "base": "PersistedModel",
  "idInjection": true,
  "options": {
    "validateUpsert": true
  },
  "properties": {
    "name": {
      "type": "string",
      "required": true
    },
    "description": {
      "type": "string"
    },
    "price": {
      "type": "number"
    }
  },
  "validations": [],
  "relations": {
    "hospitals": {
      "type": "hasMany",
      "model": "Hospital",
      "foreignKey": "",
      "through": "HospitalService"
    }
  },
  "acls": [],
  "methods": {}
}
