{
  "_meta": {
    "sources": [
      "loopback/common/models",
      "loopback/server/models",
      "../common/models",
      "./models"
    ],
    "mixins": [
      "loopback/common/mixins",
      "loopback/server/mixins",
      "../node_modules/loopback-ds-timestamp-mixin",
      "../common/mixins",
      "./mixins"
    ]
  },
  "User": {
    "dataSource": "db"
  },
  "AccessToken": {
    "dataSource": "db",
    "public": false
  },
  "ACL": {
    "dataSource": "db",
    "public": false
  },
  "RoleMapping": {
    "dataSource": "db",
    "public": false,
    "options": {
      "strictObjectIDCoercion": true
    }
  },
  "Role": {
    "dataSource": "db",
    "public": false
  },
  "Country": {
    "dataSource": "mongodb",
    "public": true
  },
  "Place": {
    "dataSource": "mongodb",
    "public": true
  },
  "Category": {
    "dataSource": "mongodb",
    "public": true
  },
  "Destination": {
    "dataSource": "mongodb",
    "public": true
  },
  "Blog": {
    "dataSource": "mongodb",
    "public": true
  },
  "Package": {
    "dataSource": "mongodb",
    "public": true
  },
  "Hotel": {
    "dataSource": "mongodb",
    "public": true
  },
  "Hospital": {
    "dataSource": "mongodb",
    "public": true
  },
  "Service": {
    "dataSource": "mongodb",
    "public": true
  },
  "Item": {
    "dataSource": "mongodb",
    "public": true
  },
  "Booking": {
    "dataSource": "mongodb",
    "public": true
  },
  "BlogCategory": {
    "dataSource": "mongodb",
    "public": false
  },
  "PlacePackage": {
    "dataSource": "mongodb",
    "public": false
  },
  "HospitalService": {
    "dataSource": "mongodb",
    "public": false
  },
  "Container": {
    "dataSource": "amazon",
    "public": true
  },
  "CalculatorBooking": {
    "dataSource": "mongodb",
    "public": true
  }
}
